id_bdq,foco_id,lat,lon,data_pas,pais,estado,municipio,bioma,ano
1615614360,72747bc0-13ef-382b-b704-01d1a3acfb73,-11.21246,-37.25353,2023-01-07 15:50:00,Brasil,SERGIPE,ITAPORANGA D'AJUDA,Mata Atlântica,2023
1615977708,464ee345-2736-3f7d-b9c9-37b862373cae,-10.3177,-36.77739,2023-01-10 16:20:00,Brasil,SERGIPE,JAPOATÃ,Mata Atlântica,2023
1615977730,54485c35-f088-3d95-bace-e29bc964a281,-11.13354,-37.6382,2023-01-10 16:20:00,Brasil,SERGIPE,BOQUIM,Mata Atlântica,2023
1615977740,dab5fe59-e340-3d09-a347-50258457d338,-10.42755,-36.58699,2023-01-10 16:20:00,Brasil,SERGIPE,NEÓPOLIS,Mata Atlântica,2023
1616743357,04e09328-146e-3e89-a864-022f6c922366,-11.37199,-37.91528,2023-01-17 16:22:00,Brasil,SERGIPE,TOMAR DO GERU,Caatinga,2023
1617099612,f271bd86-8ce7-3e42-a8cd-95d788227523,-10.95356,-37.85742,2023-01-20 16:52:00,Brasil,SERGIPE,RIACHÃO DO DANTAS,Caatinga,2023
1617409941,6d410460-efd6-380e-91e5-a524e3c30931,-10.85226,-37.8999,2023-01-24 16:24:00,Brasil,SERGIPE,SIMÃO DIAS,Caatinga,2023
1617409942,a49bec59-50d2-3c8c-a398-757a329ab34a,-10.85365,-37.90926,2023-01-24 16:24:00,Brasil,SERGIPE,SIMÃO DIAS,Caatinga,2023
1617653500,be0a6c40-1406-37ac-af8c-d59628ed4f78,-10.61433,-36.82223,2023-01-26 16:11:00,Brasil,SERGIPE,PIRAMBU,Mata Atlântica,2023
1617653501,4fd63b73-36a1-3b72-a5e6-39cc9f5f746d,-10.61565,-36.83166,2023-01-26 16:11:00,Brasil,SERGIPE,PIRAMBU,Mata Atlântica,2023
1617653504,e9a937f8-09ec-3cac-9769-334280281fb5,-11.17095,-37.4576,2023-01-26 16:11:00,Brasil,SERGIPE,ESTÂNCIA,Mata Atlântica,2023
1617867888,2c5a9644-72f1-3131-9e55-509c06db9153,-10.76193,-37.60107,2023-01-28 15:58:00,Brasil,SERGIPE,SÃO DOMINGOS,Caatinga,2023
1617867920,419459de-8936-30e4-a507-f1b913c1e613,-9.97926,-37.29776,2023-01-28 15:58:00,Brasil,SERGIPE,PORTO DA FOLHA,Caatinga,2023
1619406161,7bd8ed57-0bf1-308b-922e-f44ab587fb44,-10.93849,-38.01429,2023-02-09 16:17:00,Brasil,SERGIPE,TOBIAS BARRETO,Caatinga,2023
1619406166,b7598640-a0f4-3035-aec4-087457021dcd,-11.22707,-37.3827,2023-02-09 16:17:00,Brasil,SERGIPE,ESTÂNCIA,Mata Atlântica,2023
1619406171,e2e223c2-1481-31b8-bd6a-eb93b7125240,-11.24485,-37.2482,2023-02-09 16:17:00,Brasil,SERGIPE,ITAPORANGA D'AJUDA,Mata Atlântica,2023
1619406175,8c472b03-c230-3471-ab7b-b7d6b19f407c,-11.24616,-37.2574,2023-02-09 16:17:00,Brasil,SERGIPE,ITAPORANGA D'AJUDA,Mata Atlântica,2023
1621386016,5dab239f-8f27-3c18-91ff-ad1362f93ee4,-11.00603,-37.95083,2023-02-23 16:22:00,Brasil,SERGIPE,TOBIAS BARRETO,Caatinga,2023
1621386053,4ac03296-f4da-3780-964c-82bb92cc81e0,-10.26663,-37.16938,2023-02-23 16:22:00,Brasil,SERGIPE,GRACHO CARDOSO,Mata Atlântica,2023
1621386106,93804510-490b-3ff7-8193-37eac08d596f,-10.2756,-37.16801,2023-02-23 16:22:00,Brasil,SERGIPE,GRACHO CARDOSO,Mata Atlântica,2023
1621386109,7219c39c-084b-37b1-859b-b647ad453a7b,-10.70668,-37.34077,2023-02-23 16:22:00,Brasil,SERGIPE,ITABAIANA,Mata Atlântica,2023
1622101719,f94ae9ba-7984-3a84-b23e-257090b4ffe5,-10.63318,-36.71942,2023-03-01 15:41:00,Brasil,SERGIPE,PIRAMBU,Mata Atlântica,2023
1622159864,a60556b6-4463-3290-aad1-70f6b4449f03,-10.67996,-37.55731,2023-03-02 16:24:00,Brasil,SERGIPE,MACAMBIRA,Caatinga,2023
1622159880,bc67cb65-9717-3677-a5b7-adf0ec5f690b,-11.16399,-37.78784,2023-03-02 16:24:00,Brasil,SERGIPE,ITABAIANINHA,Mata Atlântica,2023
1622159901,0c2b2f5f-8d16-3d61-b57e-741c531a3ea4,-11.36094,-37.94053,2023-03-02 16:24:00,Brasil,SERGIPE,TOMAR DO GERU,Caatinga,2023
1622439489,e063cccf-4e7f-3153-9955-0c62cb0043aa,-10.69141,-37.23623,2023-03-04 16:09:00,Brasil,SERGIPE,MALHADOR,Mata Atlântica,2023
1622439492,b54f2bd8-d82e-3815-bc61-33a87a717ffb,-11.08397,-38.02929,2023-03-04 16:09:00,Brasil,SERGIPE,TOBIAS BARRETO,Caatinga,2023
1622439671,ef954e4e-c2df-38ce-a805-8bf02ae8b6c2,-11.16953,-37.30693,2023-03-04 16:09:00,Brasil,SERGIPE,ITAPORANGA D'AJUDA,Mata Atlântica,2023
1623020573,95d139f5-e48b-388a-86a8-0166658339df,-10.76428,-37.07334,2023-03-09 16:24:00,Brasil,SERGIPE,MARUIM,Mata Atlântica,2023
1623020622,e9819971-aa55-3f5b-b3c9-8df2ff830822,-10.74324,-37.05733,2023-03-09 16:24:00,Brasil,SERGIPE,SANTO AMARO DAS BROTAS,Mata Atlântica,2023
1623020646,c8d6bc6c-bae0-3967-9407-948b456a95aa,-10.76288,-37.06391,2023-03-09 16:24:00,Brasil,SERGIPE,SANTO AMARO DAS BROTAS,Mata Atlântica,2023
1623205080,adf8fa10-ae57-3431-89d8-59706cdc56b9,-11.03801,-37.99591,2023-03-11 16:11:00,Brasil,SERGIPE,TOBIAS BARRETO,Caatinga,2023
1623205081,89fba8d6-132c-3154-acdd-38ccb4ff9abe,-11.2345,-37.57104,2023-03-11 16:11:00,Brasil,SERGIPE,ARAUÁ,Mata Atlântica,2023
1623664358,bfbf0dea-fb23-3382-9adb-d3d39addbb0c,-10.76826,-37.62625,2023-03-16 16:26:00,Brasil,SERGIPE,LAGARTO,Caatinga,2023
1623664359,2ed6d4b7-427d-37b1-92d1-7da9a944d4fb,-11.02582,-38.06229,2023-03-16 16:26:00,Brasil,SERGIPE,TOBIAS BARRETO,Caatinga,2023
1623664363,b2d26b7a-a14d-3e8d-ba43-0f374f09bf9b,-11.26644,-37.37523,2023-03-16 16:26:00,Brasil,SERGIPE,ESTÂNCIA,Mata Atlântica,2023
1624298576,6fab2a9e-1c30-3616-aad4-ad58e1ea9137,-10.77106,-37.49071,2023-03-23 16:26:00,Brasil,SERGIPE,CAMPO DO BRITO,Mata Atlântica,2023
1624945882,f1a3357e-287f-3d6d-9cca-a682424fcac0,-10.19597,-36.97543,2023-03-28 16:41:00,Brasil,SERGIPE,CANHOBA,Mata Atlântica,2023
1626784710,62978cc8-abcb-3974-899d-57c435c6fb26,-10.77499,-37.62577,2023-04-12 15:46:00,Brasil,SERGIPE,LAGARTO,Caatinga,2023
1626784711,92500c02-a990-398f-98e7-bbdb4260cec9,-10.78374,-37.62045,2023-04-12 15:46:00,Brasil,SERGIPE,LAGARTO,Caatinga,2023
1627105549,6b0c5425-ec0c-3f11-8452-cd8dd35f8581,-10.48618,-37.29102,2023-04-15 16:16:00,Brasil,SERGIPE,NOSSA SENHORA DAS DORES,Mata Atlântica,2023
1627105550,bdf532ec-ac9b-32dd-a890-76769160862b,-11.05432,-37.34231,2023-04-15 16:16:00,Brasil,SERGIPE,ITAPORANGA D'AJUDA,Mata Atlântica,2023
1627105551,2b5a6f28-8191-3859-b12c-a6fd0531f78b,-11.05568,-37.35217,2023-04-15 16:16:00,Brasil,SERGIPE,ITAPORANGA D'AJUDA,Mata Atlântica,2023
1627105653,39b20775-b9a6-36b6-9472-f6a1ad5fa2f5,-10.05842,-37.7709,2023-04-15 16:16:00,Brasil,SERGIPE,MONTE ALEGRE DE SERGIPE,Caatinga,2023
1627105935,f3a49c1a-bfc7-3c35-b278-eeb3f4ed80e3,-9.93961,-37.32765,2023-04-15 16:16:00,Brasil,SERGIPE,PORTO DA FOLHA,Caatinga,2023
1627105936,7f41b10a-50a5-35b5-8cb6-4d39a9392b0e,-9.80489,-37.47765,2023-04-15 16:16:00,Brasil,SERGIPE,PORTO DA FOLHA,Caatinga,2023
1627105937,0774f06c-c9f3-3796-826f-0cf40890ff68,-9.79564,-37.47901,2023-04-15 16:16:00,Brasil,SERGIPE,PORTO DA FOLHA,Caatinga,2023
1627397898,f55259d0-9f41-3336-9c97-3765b787292f,-10.09365,-37.66467,2023-04-17 16:01:00,Brasil,SERGIPE,MONTE ALEGRE DE SERGIPE,Caatinga,2023
1627398238,92258f66-b50e-3fa6-8bea-871b1e3f1c3a,-9.88415,-37.28074,2023-04-17 16:01:00,Brasil,SERGIPE,PORTO DA FOLHA,Caatinga,2023
1627398379,64693cf9-ca2d-3777-9523-3239c0ed439c,-10.00106,-37.38697,2023-04-17 16:01:00,Brasil,SERGIPE,PORTO DA FOLHA,Caatinga,2023
1627506799,8ba7dc62-33ba-3046-8b36-0fff63aa4adf,-9.80874,-37.52853,2023-04-18 16:43:00,Brasil,SERGIPE,POÇO REDONDO,Caatinga,2023
1627629618,bc5833b7-c89a-3228-80cc-b69e9d7f4750,-9.97806,-37.56975,2023-04-19 15:48:00,Brasil,SERGIPE,PORTO DA FOLHA,Caatinga,2023
1627751417,5752e444-4ad5-37a1-bcbc-b7c11abcde58,-10.64638,-37.26897,2023-04-20 16:30:00,Brasil,SERGIPE,MALHADOR,Mata Atlântica,2023
1627751599,0f9d6234-99bc-3d9d-b7f8-7574c9e0aff9,-10.8992,-37.97072,2023-04-20 16:28:00,Brasil,SERGIPE,TOBIAS BARRETO,Caatinga,2023
1627751608,be2e59d9-73c5-30be-88e9-9181daf53c3a,-10.94148,-38.00526,2023-04-20 16:28:00,Brasil,SERGIPE,TOBIAS BARRETO,Caatinga,2023
1627751640,bb2f72de-bb71-3a82-b6c2-a54f6608a973,-10.94283,-38.01441,2023-04-20 16:28:00,Brasil,SERGIPE,TOBIAS BARRETO,Caatinga,2023
1628519405,a0cf0501-e273-391a-b5eb-abaf84b9d83e,-10.45274,-37.33537,2023-04-29 16:18:00,Brasil,SERGIPE,SÃO MIGUEL DO ALEIXO,Caatinga,2023
1629822908,55e8ee60-2998-360c-95b2-88bf85e740f9,-10.93272,-38.07167,2023-05-11 16:30:00,Brasil,SERGIPE,TOBIAS BARRETO,Caatinga,2023
1630032952,c8c4f8de-f8c3-32ba-bbf0-d6919add720d,-10.22618,-37.30079,2023-05-13 16:18:00,Brasil,SERGIPE,FEIRA NOVA,Mata Atlântica,2023
1638112940,a1d0cbe8-0695-3560-9e59-ec40691714ac,-9.79547,-37.46587,2023-07-15 16:09:00,Brasil,SERGIPE,PORTO DA FOLHA,Caatinga,2023
1655462114,acbd46a7-8ffc-3cd5-ae64-b73a03c63275,-10.55167,-36.74084,2023-10-10 16:16:00,Brasil,SERGIPE,JAPOATÃ,Mata Atlântica,2023
1655462115,c00966df-b092-3e07-a4ab-40c24006e2ea,-10.55011,-36.72908,2023-10-10 16:16:00,Brasil,SERGIPE,PACATUBA,Mata Atlântica,2023
1655462116,c8c05131-ed3e-3a12-9a27-ecba6ca9a554,-10.54856,-36.71745,2023-10-10 16:16:00,Brasil,SERGIPE,PACATUBA,Mata Atlântica,2023
1655462117,54c7e8b9-e8af-3438-99e4-9c0ae2a04f0c,-10.54158,-36.74223,2023-10-10 16:16:00,Brasil,SERGIPE,JAPOATÃ,Mata Atlântica,2023
1655462118,7e1c1898-4989-38aa-8ae5-1dbbb3a476ee,-10.54104,-36.73687,2023-10-10 16:16:00,Brasil,SERGIPE,JAPOATÃ,Mata Atlântica,2023
1655462119,dbdfdb17-6cad-372a-a37b-f270e6f91437,-10.54003,-36.73049,2023-10-10 16:16:00,Brasil,SERGIPE,PACATUBA,Mata Atlântica,2023
1655462120,afd3b945-1d1f-389d-957a-5d74b8c1655f,-10.53942,-36.7252,2023-10-10 16:16:00,Brasil,SERGIPE,PACATUBA,Mata Atlântica,2023
1656002425,070c85d4-d820-3f43-b480-64779824bb16,-9.8936,-37.52564,2023-10-13 16:41:00,Brasil,SERGIPE,PORTO DA FOLHA,Caatinga,2023
1656318816,d5d22b4f-c085-3c21-8a79-380cada64433,-9.82102,-37.66145,2023-10-15 16:26:00,Brasil,SERGIPE,POÇO REDONDO,Caatinga,2023
1656318817,24a7adc3-2271-3f8e-b285-ce56944d8640,-9.81972,-37.65216,2023-10-15 16:26:00,Brasil,SERGIPE,POÇO REDONDO,Caatinga,2023
1656478176,d3f6bf8d-e0ff-39e2-975f-170266bca1e5,-11.14086,-38.05433,2023-10-16 17:09:00,Brasil,SERGIPE,TOBIAS BARRETO,Caatinga,2023
1656478177,267bf112-386f-38a5-8b1d-d8582dcbef91,-11.13849,-38.04693,2023-10-16 17:09:00,Brasil,SERGIPE,TOBIAS BARRETO,Caatinga,2023
1656478178,4023633f-7ef6-32f3-9148-01cb5432eec7,-11.13576,-38.02478,2023-10-16 17:09:00,Brasil,SERGIPE,TOBIAS BARRETO,Caatinga,2023
1657131241,2b8387ce-7db9-3c64-9f79-14f4cba97f32,-9.88957,-37.28181,2023-10-20 16:39:00,Brasil,SERGIPE,PORTO DA FOLHA,Caatinga,2023
1657441014,7cde18a9-0abf-368b-b6ff-ffe0d414fdf5,-9.90459,-37.37114,2023-10-22 16:24:00,Brasil,SERGIPE,PORTO DA FOLHA,Caatinga,2023
1657441015,f15908cf-166c-34e7-8c39-e20f991784bd,-9.89844,-37.53106,2023-10-22 16:24:00,Brasil,SERGIPE,PORTO DA FOLHA,Caatinga,2023
1657441016,e2b95ac7-a175-3c14-bdc0-ce76f25f5d2b,-9.89708,-37.52122,2023-10-22 16:24:00,Brasil,SERGIPE,PORTO DA FOLHA,Caatinga,2023
1648689896,f15e3050-e1b0-3279-bb30-7f63d6edfd65,-10.39546,-36.90962,2023-09-05 16:26:00,Brasil,SERGIPE,SÃO FRANCISCO,Mata Atlântica,2023
1648689897,e4069daf-5f6a-356a-b4e0-8aa9b71030a3,-10.39416,-36.90061,2023-09-05 16:26:00,Brasil,SERGIPE,SÃO FRANCISCO,Mata Atlântica,2023
1657874619,86901b1f-8bf3-3068-a221-5eb84cbb0538,-11.11669,-37.36002,2023-10-24 16:09:00,Brasil,SERGIPE,ESTÂNCIA,Mata Atlântica,2023
1653149219,05265998-1371-39eb-a057-dcebe1acae28,-10.511,-36.82174,2023-09-26 16:20:00,Brasil,SERGIPE,JAPOATÃ,Mata Atlântica,2023
1653616275,0dffd269-2dad-3a15-8a7c-0ec53de1365b,-11.15492,-38.02345,2023-09-29 16:48:00,Brasil,SERGIPE,TOBIAS BARRETO,Caatinga,2023
1625192225,1f1628eb-f16e-3db7-bb76-5844cc4ea2d9,-10.54371,-36.86245,2023-03-30 16:28:00,Brasil,SERGIPE,JAPARATUBA,Mata Atlântica,2023
1625192240,193f1b79-858c-368e-b15f-5b9dbbf81368,-10.87658,-37.23887,2023-03-30 16:28:00,Brasil,SERGIPE,SÃO CRISTÓVÃO,Mata Atlântica,2023
1620416726,a4bdea61-9a1d-3d11-83f6-c4bc4061b900,-10.49944,-36.66183,2023-02-16 16:20:00,Brasil,SERGIPE,PACATUBA,Mata Atlântica,2023
1620416758,801e5d29-c54e-3c2d-bd74-7303c05c9c4f,-10.50077,-36.67094,2023-02-16 16:20:00,Brasil,SERGIPE,PACATUBA,Mata Atlântica,2023
1620416789,928d2c97-93f3-3a5f-9f0a-a482ac8a94d3,-10.94987,-37.9431,2023-02-16 16:20:00,Brasil,SERGIPE,TOBIAS BARRETO,Caatinga,2023
1620416820,4ded729e-65f7-3f64-a54d-20cbd62cdc23,-10.95117,-37.95233,2023-02-16 16:20:00,Brasil,SERGIPE,TOBIAS BARRETO,Caatinga,2023
1620416860,9da846ca-3e8d-3510-aed5-42a6b1a7ebcf,-10.26288,-37.44425,2023-02-16 16:20:00,Brasil,SERGIPE,NOSSA SENHORA DA GLÓRIA,Caatinga,2023
1620416861,6a85657b-df3f-34af-b946-1eb2fcbe318b,-11.04463,-37.82862,2023-02-16 16:20:00,Brasil,SERGIPE,RIACHÃO DO DANTAS,Caatinga,2023
1620416877,c00edc24-cbc1-38f5-b131-93e1fd55471f,-10.26418,-37.45331,2023-02-16 16:20:00,Brasil,SERGIPE,NOSSA SENHORA DA GLÓRIA,Caatinga,2023
1620416881,73ce771e-a19f-32c3-8acb-271f9b4ff777,-11.37843,-37.7832,2023-02-16 16:20:00,Brasil,SERGIPE,TOMAR DO GERU,Mata Atlântica,2023
1620416928,4616c951-639c-3e77-8672-92f1aa48425f,-11.37973,-37.79243,2023-02-16 16:20:00,Brasil,SERGIPE,TOMAR DO GERU,Mata Atlântica,2023
1658777861,7f4fd502-fa46-3d6b-8462-7ad2d9cfb788,-11.16035,-37.23978,2023-10-29 16:20:00,Brasil,SERGIPE,ITAPORANGA D'AJUDA,Mata Atlântica,2023
1659405829,fc7813e6-d32b-34cb-b9a6-4269e537eedc,-10.84925,-37.40019,2023-11-03 16:33:00,Brasil,SERGIPE,ITAPORANGA D'AJUDA,Mata Atlântica,2023
1659405830,b95aa67f-ffc9-3096-9afb-8947e8db1224,-10.84794,-37.39117,2023-11-03 16:33:00,Brasil,SERGIPE,AREIA BRANCA,Mata Atlântica,2023
1659405831,31e2a219-121a-3f31-a815-ad88c618d866,-11.04173,-37.19534,2023-11-03 16:33:00,Brasil,SERGIPE,SÃO CRISTÓVÃO,Mata Atlântica,2023
1659670992,e7901b16-e771-366c-9e0b-03f1b060d779,-9.86072,-37.37403,2023-11-05 16:17:00,Brasil,SERGIPE,PORTO DA FOLHA,Caatinga,2023
1659671074,6afd47d5-1ed9-3a30-8909-05ccaad70612,-11.18388,-37.26969,2023-11-05 16:17:00,Brasil,SERGIPE,ITAPORANGA D'AJUDA,Mata Atlântica,2023
1659671075,437b1185-edf1-316c-980a-291a2453aa7a,-11.17347,-37.2711,2023-11-05 16:17:00,Brasil,SERGIPE,ITAPORANGA D'AJUDA,Mata Atlântica,2023
1661152958,4111f5f4-369b-3a92-8b1f-780d3735a32d,-9.85671,-37.36493,2023-11-15 16:39:00,Brasil,SERGIPE,PORTO DA FOLHA,Caatinga,2023
1661988423,15613426-10ac-377f-a3fd-7e5949bdda3a,-11.29682,-37.37099,2023-11-21 15:54:00,Brasil,SERGIPE,ESTÂNCIA,Mata Atlântica,2023
1662075568,6413d283-c266-3da4-8476-1759c28f9d5a,-11.44363,-37.42297,2023-11-22 16:34:00,Brasil,SERGIPE,INDIAROBA,Mata Atlântica,2023
1662238575,b081b42a-742c-3579-9563-2cb69a3e4714,-11.20537,-37.38933,2023-11-24 16:20:00,Brasil,SERGIPE,ESTÂNCIA,Mata Atlântica,2023
1662238577,a4634a26-1983-3cd1-b7f5-5d1cd171bc6f,-11.06204,-37.99691,2023-11-24 16:20:00,Brasil,SERGIPE,TOBIAS BARRETO,Caatinga,2023
1662238578,3d3e66b5-c1b7-3a43-a38b-3089f9959a8b,-11.06037,-37.98428,2023-11-24 16:20:00,Brasil,SERGIPE,TOBIAS BARRETO,Caatinga,2023
1662238579,5f508339-4583-334c-b68a-47180d551aef,-10.804,-37.21565,2023-11-24 16:20:00,Brasil,SERGIPE,LARANJEIRAS,Mata Atlântica,2023
1662238580,0317a9ab-bd65-3894-94d8-ea4c51b96125,-10.77658,-37.31033,2023-11-24 16:20:00,Brasil,SERGIPE,AREIA BRANCA,Mata Atlântica,2023
1662602971,bd3c4207-61e8-3228-aed5-20148bee0f5f,-11.06205,-37.89626,2023-11-29 16:32:00,Brasil,SERGIPE,TOBIAS BARRETO,Caatinga,2023
1662602972,557d2c85-8c54-35f6-8849-cc0c53d778e6,-10.9707,-37.19381,2023-11-29 16:32:00,Brasil,SERGIPE,SÃO CRISTÓVÃO,Mata Atlântica,2023
1662602973,bcb13b21-c6a5-3e66-bcbd-bc7cb2c08bb8,-10.95496,-37.78638,2023-11-29 16:32:00,Brasil,SERGIPE,LAGARTO,Caatinga,2023
1662602974,a50143eb-3d49-3f3f-acd5-c6fbcb4f213d,-10.95366,-37.77724,2023-11-29 16:32:00,Brasil,SERGIPE,LAGARTO,Caatinga,2023
1662602975,aaefebd0-4b02-3738-bed5-00ad8094a638,-10.94402,-37.51786,2023-11-29 16:32:00,Brasil,SERGIPE,LAGARTO,Mata Atlântica,2023
1662602976,d1ad2706-2bb0-3ee8-a70f-767fc1f56740,-10.84415,-37.59489,2023-11-29 16:32:00,Brasil,SERGIPE,LAGARTO,Caatinga,2023
1662602977,3518b7a4-dbd1-33a6-ad4e-a7279cdc95e9,-10.71896,-37.04135,2023-11-29 16:32:00,Brasil,SERGIPE,ROSÁRIO DO CATETE,Mata Atlântica,2023
1662602978,95fb1952-87b4-3ac7-a214-3aa2630f4898,-10.71765,-37.03234,2023-11-29 16:32:00,Brasil,SERGIPE,ROSÁRIO DO CATETE,Mata Atlântica,2023
1662602981,595a2cbb-0f79-326e-a51a-e9e67e131e73,-10.46183,-36.79421,2023-11-29 16:32:00,Brasil,SERGIPE,JAPOATÃ,Mata Atlântica,2023
1662602982,be052b8d-3036-3a70-b769-411d2bce9493,-10.46052,-36.78519,2023-11-29 16:32:00,Brasil,SERGIPE,JAPOATÃ,Mata Atlântica,2023
1662602985,0cf7df6f-2348-3f2b-96e4-706afde9aa5d,-10.05985,-37.71039,2023-11-29 16:32:00,Brasil,SERGIPE,MONTE ALEGRE DE SERGIPE,Caatinga,2023
1663035730,bd0c0047-ec76-315b-b3c4-4263027221f6,-10.95442,-37.26686,2023-12-04 16:41:00,Brasil,SERGIPE,SÃO CRISTÓVÃO,Mata Atlântica,2023
1663230218,449aab02-bad8-3156-8d50-d2e1f27df661,-11.15304,-37.20278,2023-12-06 16:26:00,Brasil,SERGIPE,ITAPORANGA D'AJUDA,Mata Atlântica,2023
1663464246,ca8a24d2-f077-389b-8191-2d9302de4e84,-10.28651,-37.18093,2023-12-08 16:11:00,Brasil,SERGIPE,GRACHO CARDOSO,Mata Atlântica,2023
1663464247,c7d0c58f-bab6-3925-a547-a8c5eb6a2d1d,-10.28378,-37.17429,2023-12-08 16:11:00,Brasil,SERGIPE,GRACHO CARDOSO,Mata Atlântica,2023
1663773105,e701f9c7-451d-3bc9-b03a-1cf4cb834a0f,-10.29174,-36.75793,2023-12-11 16:39:00,Brasil,SERGIPE,NEÓPOLIS,Mata Atlântica,2023
1664004969,1203e6ef-0ecc-300c-ade1-0e61e684e88e,-10.56935,-37.21868,2023-12-13 16:24:00,Brasil,SERGIPE,NOSSA SENHORA DAS DORES,Mata Atlântica,2023
1664004970,16017554-f3c3-3846-9ae3-04713f36f305,-10.56787,-37.20801,2023-12-13 16:24:00,Brasil,SERGIPE,NOSSA SENHORA DAS DORES,Mata Atlântica,2023
1664004971,5eecad0c-0ec1-323f-a7db-6bbcb1e73733,-10.43451,-37.64794,2023-12-13 16:24:00,Brasil,SERGIPE,CARIRA,Caatinga,2023
1664004973,159b017c-d29d-350a-a2bd-bc12a1c35237,-10.43299,-37.63677,2023-12-13 16:24:00,Brasil,SERGIPE,FREI PAULO,Caatinga,2023
1664004974,1c23acb6-b254-3c33-8810-f998989ce660,-10.42617,-37.66049,2023-12-13 16:24:00,Brasil,SERGIPE,CARIRA,Caatinga,2023
1664004975,10288173-067d-3579-b2fc-c5c7c07b185f,-10.42465,-37.64933,2023-12-13 16:24:00,Brasil,SERGIPE,CARIRA,Caatinga,2023
1664004976,614f4ef6-981e-3a5f-8312-a0a4b122bd66,-10.42315,-37.6382,2023-12-13 16:24:00,Brasil,SERGIPE,CARIRA,Caatinga,2023
1664004977,8a00a3ba-98f2-37a5-9aa7-dc0b6eda683f,-10.41781,-37.67302,2023-12-13 16:24:00,Brasil,SERGIPE,CARIRA,Caatinga,2023
1664005031,e3bcac1a-fe7e-3107-bc5c-de71641adc2f,-10.40644,-37.6632,2023-12-13 16:24:00,Brasil,SERGIPE,CARIRA,Caatinga,2023
1664005035,6a2cdb91-38ff-308e-b355-b14774be1b5f,-10.41631,-37.66189,2023-12-13 16:24:00,Brasil,SERGIPE,CARIRA,Caatinga,2023
1664005055,14f0c857-2258-3368-8748-a567e0eeba21,-10.41481,-37.65076,2023-12-13 16:24:00,Brasil,SERGIPE,CARIRA,Caatinga,2023
1664005076,cd316247-9315-3af7-ab12-d34651c22f92,-10.78988,-38.01317,2023-12-13 16:24:00,Brasil,SERGIPE,POÇO VERDE,Caatinga,2023
1664005095,5ea4f9c8-6779-3609-9990-847e3d4b40a0,-11.18,-37.35988,2023-12-13 16:24:00,Brasil,SERGIPE,ESTÂNCIA,Mata Atlântica,2023
1664005097,25ea7e4a-1b64-3408-b282-ec07834d98a3,-10.84274,-37.57281,2023-12-13 16:24:00,Brasil,SERGIPE,LAGARTO,Caatinga,2023
1664005098,ae64ba34-5d4e-3f1f-8ed7-aeba85ec5eb9,-10.84126,-37.56166,2023-12-13 16:24:00,Brasil,SERGIPE,LAGARTO,Caatinga,2023
1664005099,6eb6b60d-8591-3dd3-95fd-2fe272bc314a,-10.84112,-37.56728,2023-12-13 16:24:00,Brasil,SERGIPE,LAGARTO,Caatinga,2023
1664005100,3012967a-5718-3204-9554-49663664cb9a,-10.79152,-38.02508,2023-12-13 16:24:00,Brasil,SERGIPE,POÇO VERDE,Caatinga,2023
1664322816,45bafa72-a9cf-3aa5-b523-b05d82f0d1a0,-10.92934,-37.87117,2023-12-16 16:49:00,Brasil,SERGIPE,RIACHÃO DO DANTAS,Caatinga,2023
1664322818,d894f45a-b461-3b36-b525-fa86ecc6f972,-11.01929,-37.7296,2023-12-16 16:49:00,Brasil,SERGIPE,RIACHÃO DO DANTAS,Mata Atlântica,2023
1665292841,47423605-71da-3a01-a49f-4b2b9986c50a,-10.5209,-37.01583,2023-12-25 16:28:00,Brasil,SERGIPE,CAPELA,Mata Atlântica,2023
1665902648,4ff451de-6cea-32e0-94a0-3cad1b40632e,-10.88525,-37.95954,2023-12-30 16:39:00,Brasil,SERGIPE,RIACHÃO DO DANTAS,Caatinga,2023
1665902649,919bab57-bdf7-30ab-b6b1-5d3e9e196818,-10.8763,-37.96085,2023-12-30 16:39:00,Brasil,SERGIPE,SIMÃO DIAS,Caatinga,2023
1665902655,b34c8bff-12d1-33c0-babc-0b1b5b447b12,-10.73584,-37.07726,2023-12-30 16:39:00,Brasil,SERGIPE,MARUIM,Mata Atlântica,2023
1665902656,3b9a3b9c-8fd2-380b-8d15-efb239d24ad7,-10.7344,-37.06769,2023-12-30 16:39:00,Brasil,SERGIPE,MARUIM,Mata Atlântica,2023
1665902657,9db0933c-473a-3d3c-b52d-667ea658ed8a,-10.72667,-37.07872,2023-12-30 16:39:00,Brasil,SERGIPE,MARUIM,Mata Atlântica,2023
1665902658,325f764e-bf93-3a5d-8248-6fce93e4d2bc,-10.72523,-37.06916,2023-12-30 16:39:00,Brasil,SERGIPE,MARUIM,Mata Atlântica,2023
1665902660,b5044c27-f6af-3cf8-a62b-61e8c8e671a1,-10.41207,-36.94847,2023-12-30 16:39:00,Brasil,SERGIPE,MURIBECA,Mata Atlântica,2023
1666436550,64e0eeb9-307c-38e5-8f39-2055ad13ae4e,-10.51991,-36.72927,2024-01-04 16:49:00,Brasil,SERGIPE,PACATUBA,Mata Atlântica,2024
1666436547,8c696305-0f00-370c-9491-483335739f30,-10.83265,-37.96009,2024-01-04 16:49:00,Brasil,SERGIPE,SIMÃO DIAS,Caatinga,2024
1666436548,eadf3776-98ce-3229-b992-3279494f2f41,-10.74065,-37.01249,2024-01-04 16:49:00,Brasil,SERGIPE,SANTO AMARO DAS BROTAS,Mata Atlântica,2024
1666436549,c3797804-f5c3-353d-8f4e-899fcd38b633,-10.52015,-36.72354,2024-01-04 16:49:00,Brasil,SERGIPE,PACATUBA,Mata Atlântica,2024
1666436551,644c7766-3fe5-3611-9c80-6d87cd9767c1,-10.51785,-36.70947,2024-01-04 16:49:00,Brasil,SERGIPE,PACATUBA,Mata Atlântica,2024
1666436552,8243f768-5252-31dc-937b-f3e201e79f76,-10.51771,-36.71516,2024-01-04 16:49:00,Brasil,SERGIPE,PACATUBA,Mata Atlântica,2024
1666436553,e9a51c34-3165-378e-85c4-e1d55e021c14,-10.21628,-37.12393,2024-01-04 16:49:00,Brasil,SERGIPE,AQUIDABÃ,Mata Atlântica,2024
1666436554,6acb773b-5c81-3136-972c-814ffbfec93c,-10.21379,-37.12995,2024-01-04 16:49:00,Brasil,SERGIPE,AQUIDABÃ,Mata Atlântica,2024
1667651138,7a5eb6ad-faaa-3aa3-8e23-d3b46de465b9,-11.02575,-38.04198,2024-01-13 16:30:00,Brasil,SERGIPE,TOBIAS BARRETO,Caatinga,2024
1667931812,abb367dd-2c42-370e-b556-9bd040713cfb,-10.05033,-37.22977,2024-01-15 16:13:00,Brasil,SERGIPE,GARARU,Caatinga,2024
1668094203,0c5b617c-9602-3ccb-9729-f1714fea68d8,-10.25065,-37.25198,2024-01-16 16:56:00,Brasil,SERGIPE,GRACHO CARDOSO,Mata Atlântica,2024
1668242893,fdee9dc1-2227-372b-b3c9-b9e9adf00670,-10.85953,-37.85283,2024-01-17 15:58:00,Brasil,SERGIPE,SIMÃO DIAS,Caatinga,2024
1668242894,7b7f0985-dec5-358e-b475-47db89763130,-10.8551,-37.85736,2024-01-17 15:58:00,Brasil,SERGIPE,SIMÃO DIAS,Caatinga,2024
1668383538,335499b3-9728-3b4f-8272-2a889b9323f8,-9.8665,-37.37144,2024-01-18 16:39:00,Brasil,SERGIPE,PORTO DA FOLHA,Caatinga,2024
1668383752,580db3a8-78f7-31a0-b00a-fea62ac4409a,-10.43328,-37.15092,2024-01-18 16:39:00,Brasil,SERGIPE,NOSSA SENHORA DAS DORES,Mata Atlântica,2024
1666662641,2457a8aa-7062-35da-872d-1b2f91ba5c3b,-10.68284,-37.26395,2024-01-06 16:34:00,Brasil,SERGIPE,MALHADOR,Mata Atlântica,2024
1669086386,32fb54bd-126c-35a3-acb2-6ea9715981da,-10.74617,-37.06081,2024-01-23 16:49:00,Brasil,SERGIPE,SANTO AMARO DAS BROTAS,Mata Atlântica,2024
1669086387,56e61ecb-d3e3-3c0f-8e31-41531645af4b,-10.67515,-37.02004,2024-01-23 16:49:00,Brasil,SERGIPE,ROSÁRIO DO CATETE,Mata Atlântica,2024
1670855649,a56f1be7-fd53-3e7e-8365-d89e4bd8a484,-10.57726,-36.98454,2024-01-30 16:45:00,Brasil,SERGIPE,JAPARATUBA,Mata Atlântica,2024
1671953034,55f02458-ed15-3eff-8706-06d2767efb4e,-10.31682,-36.74268,2024-02-01 16:28:00,Brasil,SERGIPE,NEÓPOLIS,Mata Atlântica,2024
1672900197,4ef22afc-fb0d-320d-8058-f6ece6604e61,-10.76758,-37.16088,2024-02-06 16:39:00,Brasil,SERGIPE,LARANJEIRAS,Mata Atlântica,2024
1672900198,8242553d-e752-3468-88a8-7f6709e7ea19,-10.66175,-36.81856,2024-02-06 16:39:00,Brasil,SERGIPE,PIRAMBU,Mata Atlântica,2024
1672900199,5c5a8aad-1cf8-3990-b756-7f3ab7e50bd4,-10.64638,-37.09233,2024-02-06 16:39:00,Brasil,SERGIPE,DIVINA PASTORA,Mata Atlântica,2024
1672900200,5cf22619-1e05-378e-88c9-d494dbac676a,-10.64503,-37.08315,2024-02-06 16:39:00,Brasil,SERGIPE,ROSÁRIO DO CATETE,Mata Atlântica,2024
1672900202,5a5b8960-5895-316c-b692-59d3adb41a1f,-10.47639,-36.68731,2024-02-06 16:39:00,Brasil,SERGIPE,PACATUBA,Mata Atlântica,2024
1672900204,9f785d83-3bc2-38e7-8774-73467e4015d8,-10.36269,-37.67188,2024-02-06 16:39:00,Brasil,SERGIPE,CARIRA,Caatinga,2024
1672900207,37401b57-1403-3041-b0fa-e5a82077a57a,-10.13599,-37.12599,2024-02-06 16:39:00,Brasil,SERGIPE,ITABI,Mata Atlântica,2024
1672900208,adfae8f4-8b36-3135-b6cf-0a93a509316a,-10.12699,-37.12735,2024-02-06 16:39:00,Brasil,SERGIPE,ITABI,Mata Atlântica,2024
1674081173,781cd50f-8ae1-39bc-b551-eba282ed3d68,-10.74066,-37.18917,2024-02-13 16:34:00,Brasil,SERGIPE,RIACHUELO,Mata Atlântica,2024
1674081174,8214ec33-87ab-3d2c-8e1e-745eeb922b25,-10.73934,-37.17999,2024-02-13 16:34:00,Brasil,SERGIPE,RIACHUELO,Mata Atlântica,2024
1676761385,793a0eca-e97d-3516-8fa8-ac9f6192c895,-10.54487,-37.2103,2024-03-01 16:47:00,Brasil,SERGIPE,NOSSA SENHORA DAS DORES,Mata Atlântica,2024
1677560241,108b8540-438a-3e83-ab81-f1cabf0020f6,-10.87545,-37.95429,2024-03-08 16:39:00,Brasil,SERGIPE,SIMÃO DIAS,Caatinga,2024
1677560242,23f2ff94-0855-3edc-83b0-a40db3a5c37d,-10.83877,-37.63774,2024-03-08 16:39:00,Brasil,SERGIPE,LAGARTO,Caatinga,2024
1677560247,94a4b2d6-d1d7-321f-ab33-8f6e3da9e698,-10.29573,-36.76145,2024-03-08 16:39:00,Brasil,SERGIPE,NEÓPOLIS,Mata Atlântica,2024
1677880717,d137f87b-e761-3e31-a772-ad200da1bc46,-9.92923,-37.20677,2024-03-10 16:24:00,Brasil,SERGIPE,GARARU,Caatinga,2024
1678765029,1c208261-6695-3ac5-8750-5a0d97f1cefb,-10.82891,-37.49968,2024-03-15 16:35:00,Brasil,SERGIPE,CAMPO DO BRITO,Mata Atlântica,2024
1679399999,3e78a2cc-22ba-3c53-8f4f-e92f32f96a0a,-11.39335,-37.52659,2024-03-19 16:03:00,Brasil,SERGIPE,SANTA LUZIA DO ITANHY,Mata Atlântica,2024
1679400000,576dc7af-9c58-3475-9959-1750d322b067,-11.38888,-37.53164,2024-03-19 16:03:00,Brasil,SERGIPE,SANTA LUZIA DO ITANHY,Mata Atlântica,2024
1679503054,f81e2991-3567-3540-a276-0b083b443c3c,-11.40013,-37.91751,2024-03-20 16:41:00,Brasil,SERGIPE,TOMAR DO GERU,Caatinga,2024
1679503058,042a1581-1f15-3460-9b36-abacf196ca07,-10.97256,-37.88733,2024-03-20 16:43:00,Brasil,SERGIPE,RIACHÃO DO DANTAS,Caatinga,2024
1679503059,aa270f36-8147-34d8-9bde-0013458ac185,-10.94366,-37.88918,2024-03-20 16:43:00,Brasil,SERGIPE,RIACHÃO DO DANTAS,Caatinga,2024
1679503060,65b0ef3e-9d31-3052-ae65-ac3f9849e978,-10.97124,-37.87832,2024-03-20 16:43:00,Brasil,SERGIPE,RIACHÃO DO DANTAS,Caatinga,2024
1679503061,ef94303d-4c7d-3f9b-802a-4a737badd104,-10.839,-37.60956,2024-03-20 16:43:00,Brasil,SERGIPE,LAGARTO,Caatinga,2024
1679503064,54803e9a-e38d-33b7-8409-2c705aaa77cb,-10.32205,-37.1669,2024-03-20 16:43:00,Brasil,SERGIPE,GRACHO CARDOSO,Mata Atlântica,2024
1679503065,32ad57e9-2171-36fe-9630-330869de698b,-10.32066,-37.15764,2024-03-20 16:43:00,Brasil,SERGIPE,GRACHO CARDOSO,Mata Atlântica,2024
1679503066,914d7b24-5861-3cb9-b135-d79ccf2a28c7,-10.1706,-37.20264,2024-03-20 16:43:00,Brasil,SERGIPE,GRACHO CARDOSO,Mata Atlântica,2024
1679691470,7c87a3f1-725e-3ce7-bb08-bd954956343d,-11.12121,-37.41407,2024-03-22 16:26:00,Brasil,SERGIPE,ESTÂNCIA,Mata Atlântica,2024
1679691471,f4b46a59-2966-3dbf-9fd8-296b9ebf698d,-10.72995,-37.6817,2024-03-22 16:26:00,Brasil,SERGIPE,LAGARTO,Caatinga,2024
1679691472,6d85b1a3-0589-3919-8b21-ac470caa06c4,-10.5858,-36.77418,2024-03-22 16:26:00,Brasil,SERGIPE,PIRAMBU,Mata Atlântica,2024
1679691474,2880149a-f401-3bef-b8a7-ba21dd444165,-10.26553,-36.97533,2024-03-22 16:26:00,Brasil,SERGIPE,AQUIDABÃ,Mata Atlântica,2024
1679691476,25cafd3e-c895-34e2-b3e1-e20d59c10ae2,-10.13833,-37.01135,2024-03-22 16:26:00,Brasil,SERGIPE,CANHOBA,Mata Atlântica,2024
1679794613,fe60e8cd-4751-38bc-b8c4-9186e83b1fa7,-10.95475,-37.82124,2024-03-23 17:09:00,Brasil,SERGIPE,LAGARTO,Caatinga,2024
1679794614,e54684ed-d57f-3438-a15e-9558bdd64420,-10.85968,-37.6549,2024-03-23 17:09:00,Brasil,SERGIPE,LAGARTO,Caatinga,2024
1679794615,f527b3fa-74c1-3bc2-975d-83fedca9701e,-10.31027,-37.17733,2024-03-23 17:09:00,Brasil,SERGIPE,GRACHO CARDOSO,Mata Atlântica,2024
1679794616,4ca265a5-8a36-32aa-b25c-0bcbf5733433,-10.30342,-37.17103,2024-03-23 17:09:00,Brasil,SERGIPE,GRACHO CARDOSO,Mata Atlântica,2024
1679995064,ea870f81-38e2-31b7-a629-2804ec7a2df7,-9.71361,-37.84988,2024-03-25 16:52:00,Brasil,SERGIPE,CANINDÉ DE SÃO FRANCISCO,Caatinga,2024
1681426884,b3f32f00-bf57-310e-9aa0-210bbce65000,-11.15118,-37.86748,2024-04-03 16:28:00,Brasil,SERGIPE,TOBIAS BARRETO,Caatinga,2024
1681426885,1d22299b-ab34-3ad8-a59d-8dfebe639b29,-11.14798,-37.86245,2024-04-03 16:28:00,Brasil,SERGIPE,TOBIAS BARRETO,Caatinga,2024
1681934671,697448fa-5d00-3fd4-8426-bfb08a8a384f,-10.3186,-37.16971,2024-04-06 16:54:00,Brasil,SERGIPE,GRACHO CARDOSO,Mata Atlântica,2024
1681934672,de970e7b-d25b-31a0-bb1f-b380c3592c53,-10.3167,-37.1576,2024-04-06 16:54:00,Brasil,SERGIPE,GRACHO CARDOSO,Mata Atlântica,2024
1672294329,a335476a-d397-3f64-b3b3-3007feb91756,-10.27638,-36.92374,2024-02-03 16:13:00,Brasil,SERGIPE,CEDRO DE SÃO JOÃO,Mata Atlântica,2024
1673315127,b3981c10-03dc-38ec-a4fe-8b4ef8fb9192,-10.57263,-36.74941,2024-02-08 16:24:00,Brasil,SERGIPE,JAPOATÃ,Mata Atlântica,2024
1683159233,fb45d038-f933-35e5-bc22-a051ea0d60ca,-9.84132,-37.57909,2024-04-13 16:48:00,Brasil,SERGIPE,POÇO REDONDO,Caatinga,2024
1686181343,382d51b7-a107-3677-a574-c2d3c97605d6,-10.32136,-37.57156,2024-05-02 16:39:00,Brasil,SERGIPE,NOSSA SENHORA APARECIDA,Caatinga,2024
1688026023,d881712f-b0cb-370d-9946-bb59573bca63,-10.89178,-37.34679,2024-05-14 16:39:00,Brasil,SERGIPE,ITAPORANGA D'AJUDA,Mata Atlântica,2024
1688026024,c31a0323-2b43-3d73-8387-b3d3ae93afdd,-10.89047,-37.33752,2024-05-14 16:39:00,Brasil,SERGIPE,ITAPORANGA D'AJUDA,Mata Atlântica,2024
1696168680,53cf9c68-6e46-3a13-ba7b-c8665db1c319,-9.94084,-37.73061,2024-07-01 16:33:00,Brasil,SERGIPE,POÇO REDONDO,Caatinga,2024
1706541871,440ef2e6-b4ca-3e8a-a07f-bf775bbcda60,-9.91952,-37.89495,2024-08-07 17:02:00,Brasil,SERGIPE,POÇO REDONDO,Caatinga,2024
1706541872,90d1602d-7c84-325b-b060-44a147977785,-9.86792,-37.77591,2024-08-07 17:02:00,Brasil,SERGIPE,POÇO REDONDO,Caatinga,2024
1709710185,1a96fd26-3496-3ed8-9d04-aa9fcee084e9,-9.87273,-37.94016,2024-08-14 16:52:00,Brasil,SERGIPE,CANINDÉ DE SÃO FRANCISCO,Caatinga,2024
1709710186,a4a7b319-26d5-376c-9590-a7696d9b5a09,-9.80466,-37.65804,2024-08-14 16:52:00,Brasil,SERGIPE,POÇO REDONDO,Caatinga,2024
1716321301,2fee1806-41b0-3f59-831d-d8a70b262dbb,-9.93062,-37.90641,2024-08-31 16:52:00,Brasil,SERGIPE,POÇO REDONDO,Caatinga,2024
1716321302,468728ed-1ca4-31af-83b8-7b087c254173,-9.92932,-37.89739,2024-08-31 16:52:00,Brasil,SERGIPE,POÇO REDONDO,Caatinga,2024
1716321303,7b69bfba-5b59-3f47-af9c-355c9755f6fc,-9.92483,-37.23315,2024-08-31 16:52:00,Brasil,SERGIPE,PORTO DA FOLHA,Caatinga,2024
1720856344,e78baa96-d966-3acc-b547-51dc0b93f991,-10.39015,-36.87584,2024-09-12 16:43:00,Brasil,SERGIPE,JAPOATÃ,Mata Atlântica,2024
1720856345,3094301b-70eb-3cb5-9579-7ee91c81eb89,-10.38747,-36.85661,2024-09-12 16:43:00,Brasil,SERGIPE,JAPOATÃ,Mata Atlântica,2024
1725151756,d3491f08-dec0-35f5-a45b-252fc3b24cc5,-10.45731,-37.17118,2024-09-27 16:58:00,Brasil,SERGIPE,NOSSA SENHORA DAS DORES,Mata Atlântica,2024
1726574057,0d3750ce-5e32-308b-9423-afc1a51eb51b,-11.03133,-37.12655,2024-10-04 16:43:00,Brasil,SERGIPE,ARACAJU,Mata Atlântica,2024
1723187508,c1452732-d780-39b1-9b00-b051e9b0e7cb,-10.46475,-36.52869,2024-09-19 16:33:00,Brasil,SERGIPE,ILHA DAS FLORES,Mata Atlântica,2024
1725436314,55955192-7ae1-3c3d-8cca-13ddbc36f3f2,-10.49747,-36.94736,2024-09-29 16:39:00,Brasil,SERGIPE,JAPARATUBA,Mata Atlântica,2024
1725436315,e921c010-d372-3ea3-93d3-7385cc0c89bb,-10.49903,-36.95884,2024-09-29 16:39:00,Brasil,SERGIPE,CAPELA,Mata Atlântica,2024
1727998464,a3f92775-7b1f-32e4-a663-f0663e6daaf5,-10.47372,-37.03549,2024-10-11 16:30:00,Brasil,SERGIPE,CAPELA,Mata Atlântica,2024
1727998465,4ba615d1-84b2-38fc-8a2b-b83648a0cbac,-10.32494,-36.88498,2024-10-11 16:30:00,Brasil,SERGIPE,SÃO FRANCISCO,Mata Atlântica,2024
1728229707,cd704167-8bbc-32e1-87b9-0ffa8962cf96,-10.70894,-37.60528,2024-10-12 17:09:00,Brasil,SERGIPE,MACAMBIRA,Caatinga,2024
1728229708,ed9fd420-194b-3cd3-99f6-8e2ef4b5baac,-10.70708,-37.59346,2024-10-12 17:09:00,Brasil,SERGIPE,SÃO DOMINGOS,Caatinga,2024
1728582658,364970e8-e881-351d-881a-bdfa3dd3a278,-11.35991,-37.45051,2024-10-14 16:52:00,Brasil,SERGIPE,SANTA LUZIA DO ITANHY,Mata Atlântica,2024
1728582660,e78cf069-4f94-30b1-b6c2-9e0b6b03fad6,-11.13601,-37.29975,2024-10-14 16:52:00,Brasil,SERGIPE,ITAPORANGA D'AJUDA,Mata Atlântica,2024
1729188116,803e662b-342c-313b-8619-7e39cae34dd0,-11.24024,-37.70644,2024-10-19 16:56:00,Brasil,SERGIPE,ITABAIANINHA,Mata Atlântica,2024
1729717817,2e3ec2a9-7f59-3b7a-a1a7-a3a302d2a845,-10.5236,-36.75303,2024-10-23 16:20:00,Brasil,SERGIPE,JAPOATÃ,Mata Atlântica,2024
1729717818,95771849-b720-3ef3-83af-1c39e3975001,-10.5201,-36.72426,2024-10-23 16:20:00,Brasil,SERGIPE,PACATUBA,Mata Atlântica,2024
1729717819,98476905-04b3-3cd3-9dc4-92d41f0d4ac0,-10.46068,-36.85188,2024-10-23 16:20:00,Brasil,SERGIPE,JAPOATÃ,Mata Atlântica,2024
1730240862,a9d9cdb0-76af-3b21-a48e-db65ce02ec51,-10.57119,-36.67653,2024-10-26 16:41:00,Brasil,SERGIPE,PACATUBA,Mata Atlântica,2024
1730540694,1afc8ba6-2c2c-32a1-beb2-68741d0d3ef8,-10.0408,-37.59111,2024-10-28 16:24:00,Brasil,SERGIPE,MONTE ALEGRE DE SERGIPE,Caatinga,2024
1730540695,cbffa503-99f1-3f32-be53-9f98e72e94f8,-10.04016,-37.58362,2024-10-28 16:24:00,Brasil,SERGIPE,MONTE ALEGRE DE SERGIPE,Caatinga,2024
1730540696,8eb44d9f-d1e0-39f1-8341-7ba41aaedefd,-10.03713,-37.56247,2024-10-28 16:24:00,Brasil,SERGIPE,MONTE ALEGRE DE SERGIPE,Caatinga,2024
1730540697,1c6ec6c5-7264-30b4-b3c2-80f862bfb729,-10.03672,-37.55506,2024-10-28 16:24:00,Brasil,SERGIPE,MONTE ALEGRE DE SERGIPE,Caatinga,2024
1730712407,e73f0c54-00ce-3a2e-b565-c84ac96123a1,-10.57383,-36.68419,2024-10-29 17:05:00,Brasil,SERGIPE,PACATUBA,Mata Atlântica,2024
1731252845,7a003a6d-29b0-3a53-a1b2-c83bb058dc0e,-10.73897,-37.04052,2024-11-02 16:26:00,Brasil,SERGIPE,SANTO AMARO DAS BROTAS,Mata Atlântica,2024
1731392491,d296ff66-fe51-323c-b232-4c79bb15a581,-10.95941,-37.69827,2024-11-03 17:06:00,Brasil,SERGIPE,LAGARTO,Mata Atlântica,2024
1731392497,8a598b21-eef0-39f0-93d2-61876c995f02,-10.8846,-38.05686,2024-11-03 17:06:00,Brasil,SERGIPE,TOBIAS BARRETO,Caatinga,2024
1731613476,a971ac2c-77d3-30d4-a031-96d217f7e43d,-10.54277,-36.85739,2024-11-05 16:49:00,Brasil,SERGIPE,JAPARATUBA,Mata Atlântica,2024
1731613661,0765fe13-3b4b-3f96-9891-660ed2b9f4ab,-10.58497,-37.22287,2024-11-05 16:49:00,Brasil,SERGIPE,NOSSA SENHORA DAS DORES,Mata Atlântica,2024
1731614009,1c8d9d1e-fc3f-3677-866a-b6c2bf93d1bf,-9.93517,-37.91151,2024-11-05 16:49:00,Brasil,SERGIPE,POÇO REDONDO,Caatinga,2024
1731614189,d77d0e61-bad4-3606-813e-f8a429663b23,-10.88394,-37.13503,2024-11-05 16:49:00,Brasil,SERGIPE,NOSSA SENHORA DO SOCORRO,Mata Atlântica,2024
1731614272,322aac6b-b993-3801-ba90-d2b4f681df19,-9.67241,-37.8711,2024-11-05 16:49:00,Brasil,SERGIPE,CANINDÉ DE SÃO FRANCISCO,Caatinga,2024
1731614338,8e165930-a4a0-3c31-bab1-f275fad4049f,-10.88532,-37.14503,2024-11-05 16:49:00,Brasil,SERGIPE,NOSSA SENHORA DO SOCORRO,Mata Atlântica,2024
1731614855,70358d22-bc13-3c56-a637-37e466d9e2eb,-10.5414,-36.84768,2024-11-05 16:49:00,Brasil,SERGIPE,JAPARATUBA,Mata Atlântica,2024
1731850752,ca53961d-1422-3beb-b35b-0e5824b1d388,-10.23785,-37.03402,2024-11-07 16:30:00,Brasil,SERGIPE,AQUIDABÃ,Mata Atlântica,2024
1731850804,142d169b-c3d7-32dc-ae7e-4140436c7b25,-10.24122,-37.0609,2024-11-07 16:30:00,Brasil,SERGIPE,AQUIDABÃ,Mata Atlântica,2024
1731850827,564ae19e-a97e-3abd-bdf9-d8f76a0de02a,-10.24034,-37.05408,2024-11-07 16:30:00,Brasil,SERGIPE,AQUIDABÃ,Mata Atlântica,2024
1731850859,1d654d97-d431-367b-8bc6-06b4c6ec1805,-10.23858,-37.04093,2024-11-07 16:30:00,Brasil,SERGIPE,AQUIDABÃ,Mata Atlântica,2024
1732256615,8dcec6dd-63bf-36fd-805c-60c7343e0ea0,-10.90322,-37.91833,2024-11-10 16:52:00,Brasil,SERGIPE,RIACHÃO DO DANTAS,Caatinga,2024
1732697708,985f9641-0ac1-333c-a569-74ab8f639217,-10.20215,-37.07646,2024-11-13 17:11:00,Brasil,SERGIPE,AQUIDABÃ,Mata Atlântica,2024
1732698751,a75653fd-3f8e-3b0e-a29d-9f4231aa6ba1,-10.42367,-37.37664,2024-11-13 17:11:00,Brasil,SERGIPE,SÃO MIGUEL DO ALEIXO,Mata Atlântica,2024
1732948464,8376a938-f810-3e64-9296-8af4f8420389,-9.98632,-37.4126,2024-11-15 16:54:00,Brasil,SERGIPE,PORTO DA FOLHA,Caatinga,2024
1732948470,b7634cab-aa9f-39da-aed2-730ef6835520,-11.2763,-37.34465,2024-11-15 16:54:00,Brasil,SERGIPE,ESTÂNCIA,Mata Atlântica,2024
1733428287,62643348-33f2-3f6e-a664-e78666f978d7,-10.51681,-36.7456,2024-11-19 16:17:00,Brasil,SERGIPE,JAPOATÃ,Mata Atlântica,2024
1733589661,6b8e80fc-da43-35bb-9933-e8e3643efb6d,-10.64075,-37.01641,2024-11-20 16:56:00,Brasil,SERGIPE,ROSÁRIO DO CATETE,Mata Atlântica,2024
1733590060,11a91cd4-cb1d-33b2-99d7-70d932813e1e,-10.63945,-37.00747,2024-11-20 16:56:00,Brasil,SERGIPE,CARMÓPOLIS,Mata Atlântica,2024
1733827004,14beb74a-b699-3aa1-a03b-fae730c2586e,-11.09273,-37.82158,2024-11-22 16:37:00,Brasil,SERGIPE,RIACHÃO DO DANTAS,Caatinga,2024
1733827104,3991fd96-55ad-3888-a0e7-f0c69b48dc5f,-11.09509,-37.83933,2024-11-22 16:37:00,Brasil,SERGIPE,RIACHÃO DO DANTAS,Caatinga,2024
1733827182,fc5ec35b-c30e-39bc-9960-52e70d8f2a44,-10.5331,-36.72663,2024-11-22 16:37:00,Brasil,SERGIPE,PACATUBA,Mata Atlântica,2024
1733827231,d11aa770-e230-3a1b-b283-e1820d0325a4,-11.09828,-37.83403,2024-11-22 16:37:00,Brasil,SERGIPE,RIACHÃO DO DANTAS,Caatinga,2024
1733972359,21decfe5-e9e5-3e69-821f-72b285f5c440,-10.7229,-37.0686,2024-11-23 17:17:00,Brasil,SERGIPE,MARUIM,Mata Atlântica,2024
1733972766,035cc26f-f8d2-36c7-b4a8-b523ea50bfa3,-10.72248,-37.05886,2024-11-23 17:17:00,Brasil,SERGIPE,ROSÁRIO DO CATETE,Mata Atlântica,2024
1734095139,e9468910-5c93-3836-9e43-ea91fc2ca968,-10.51764,-36.76254,2024-11-24 16:20:00,Brasil,SERGIPE,JAPOATÃ,Mata Atlântica,2024
1734901072,89676120-1f44-3998-a29b-bf47c13aa592,-10.54849,-36.98074,2024-11-30 17:00:00,Brasil,SERGIPE,CAPELA,Mata Atlântica,2024
1734901104,04ac7dfc-bd76-356b-b7ad-b4670828f63b,-11.13014,-37.23249,2024-11-30 17:00:00,Brasil,SERGIPE,ITAPORANGA D'AJUDA,Mata Atlântica,2024
1734901125,1a4b35ec-91d2-3bb1-8b99-6ae408bec206,-9.5938,-38.0231,2024-11-30 17:02:00,Brasil,SERGIPE,CANINDÉ DE SÃO FRANCISCO,Caatinga,2024
1734901353,e44fc2ea-92e0-3df0-a189-65fbff2f6171,-11.1213,-37.23384,2024-11-30 17:00:00,Brasil,SERGIPE,ITAPORANGA D'AJUDA,Mata Atlântica,2024
1734901466,70e1860d-4731-3f76-9e2c-5ddf5070d9f6,-11.15178,-37.25673,2024-11-30 17:00:00,Brasil,SERGIPE,ITAPORANGA D'AJUDA,Mata Atlântica,2024
1734901586,43de7258-0854-3261-918f-32a5a5c5bea7,-11.12883,-37.2235,2024-11-30 17:00:00,Brasil,SERGIPE,ITAPORANGA D'AJUDA,Mata Atlântica,2024
1734901525,d58a54a5-e5b8-3b0a-9066-0729ad71e7ab,-9.59509,-38.03199,2024-11-30 17:02:00,Brasil,SERGIPE,CANINDÉ DE SÃO FRANCISCO,Caatinga,2024
1735154831,22b359bd-9e07-3d01-ae9f-216db52f8afd,-10.37788,-37.17143,2024-12-02 16:41:00,Brasil,SERGIPE,CUMBE,Mata Atlântica,2024
1735291638,3ead19ea-e9e5-39f0-bbc1-3b809364138a,-10.70232,-37.61889,2024-12-03 17:21:00,Brasil,SERGIPE,MACAMBIRA,Caatinga,2024
1735343246,db75bf3f-f2a8-3270-ad3a-84ae24d3bd43,-11.2128,-37.43128,2024-12-04 16:24:00,Brasil,SERGIPE,ESTÂNCIA,Mata Atlântica,2024
1735343605,ed11a267-a928-39d0-92a1-3d477db862d1,-11.2002,-37.40569,2024-12-04 16:24:00,Brasil,SERGIPE,ESTÂNCIA,Mata Atlântica,2024
1735344823,7288b2cd-a8c8-3ff9-b1bc-3de70b6f53d0,-11.20882,-37.39739,2024-12-04 16:24:00,Brasil,SERGIPE,ESTÂNCIA,Mata Atlântica,2024
1735518155,91c2cf4e-f0ff-3149-834a-8b476fdd9cd6,-10.50726,-36.7034,2024-12-05 17:02:00,Brasil,SERGIPE,PACATUBA,Mata Atlântica,2024
1735518216,8a1855ea-7923-3051-a67e-6851fbe50121,-11.12651,-37.38967,2024-12-05 17:02:00,Brasil,SERGIPE,ESTÂNCIA,Mata Atlântica,2024
1735518219,34d37952-1d93-3159-a243-c8bb605fbc77,-9.68903,-37.91672,2024-12-05 17:02:00,Brasil,SERGIPE,CANINDÉ DE SÃO FRANCISCO,Caatinga,2024
1735518232,bcd93151-910d-3883-a6cb-979e785b37fc,-10.61496,-36.87261,2024-12-05 17:02:00,Brasil,SERGIPE,JAPARATUBA,Mata Atlântica,2024
1735518255,4e7664a2-1864-3f78-803c-d500293de745,-11.50039,-37.48275,2024-12-05 17:02:00,Brasil,SERGIPE,INDIAROBA,Mata Atlântica,2024
1735518298,2d297d9d-cd34-3aa9-baf4-03f8ef656c36,-10.61357,-36.8633,2024-12-05 17:02:00,Brasil,SERGIPE,JAPARATUBA,Mata Atlântica,2024
1735518431,7ad37771-2f20-32ec-b197-4b6496cecb6d,-10.48237,-36.78442,2024-12-05 17:02:00,Brasil,SERGIPE,JAPOATÃ,Mata Atlântica,2024
1736054579,62f49f2a-6ae5-3750-ac31-080907ea59d9,-10.75896,-37.05248,2024-12-09 16:24:00,Brasil,SERGIPE,SANTO AMARO DAS BROTAS,Mata Atlântica,2024
1736054635,03ec5924-4c2a-3f20-85d9-ca4270225053,-11.13596,-37.64676,2024-12-09 16:24:00,Brasil,SERGIPE,BOQUIM,Mata Atlântica,2024
1736054646,8451fef7-8139-37a9-abda-782543f15ef1,-11.14463,-37.64128,2024-12-09 16:24:00,Brasil,SERGIPE,BOQUIM,Mata Atlântica,2024
1736219840,7ef374c9-ee6d-3b8b-9bf1-c4f14a893474,-10.57123,-36.84114,2024-12-10 17:04:00,Brasil,SERGIPE,JAPARATUBA,Mata Atlântica,2024
1736219928,0f658cb0-df25-3c03-854f-52d3c310d4d1,-10.57269,-36.85073,2024-12-10 17:04:00,Brasil,SERGIPE,JAPARATUBA,Mata Atlântica,2024
1736464202,044b9ac9-47b6-3aed-b071-b04cdfe04293,-10.98251,-37.81007,2024-12-12 16:45:00,Brasil,SERGIPE,LAGARTO,Caatinga,2024
1737230179,52ad13e5-a948-3f2b-b687-b0eb195c1220,-10.40408,-36.99252,2024-12-17 16:47:00,Brasil,SERGIPE,CAPELA,Mata Atlântica,2024
1737230346,f55517e2-98f4-3109-a0b2-a9f98b627620,-10.36931,-36.64934,2024-12-17 16:47:00,Brasil,SERGIPE,NEÓPOLIS,Mata Atlântica,2024
1737230430,708161ad-bc02-340b-a493-f2252884e9f7,-10.81605,-37.61229,2024-12-17 16:47:00,Brasil,SERGIPE,LAGARTO,Caatinga,2024
1737230452,e41d0247-40cf-36e9-8031-17fd7bfbf781,-10.36663,-36.65524,2024-12-17 16:47:00,Brasil,SERGIPE,NEÓPOLIS,Mata Atlântica,2024
1737720304,937fd5db-44a8-33cf-82c6-dfc4eacd65b0,-10.43273,-36.81499,2024-12-20 17:09:00,Brasil,SERGIPE,JAPOATÃ,Mata Atlântica,2024
1738029082,afcc8987-adf2-352f-8fdc-c3a59359588b,-10.33373,-36.61065,2024-12-22 16:49:00,Brasil,SERGIPE,NEÓPOLIS,Mata Atlântica,2024
1738180155,6bffecfb-494e-3928-adc3-7977057ce6fa,-10.57327,-36.85835,2024-12-23 17:28:00,Brasil,SERGIPE,JAPARATUBA,Mata Atlântica,2024
1738180173,4cb2ded0-c76f-367d-8816-d5b785afb39f,-10.5679,-36.86431,2024-12-23 17:28:00,Brasil,SERGIPE,JAPARATUBA,Mata Atlântica,2024
1738180212,07b74398-6f85-3905-bcbe-d05ebfeaf4fb,-10.55957,-36.86063,2024-12-23 17:28:00,Brasil,SERGIPE,JAPARATUBA,Mata Atlântica,2024
1738322323,15ba24e4-8111-31bb-8025-f597823f3750,-10.3649,-37.30569,2024-12-24 16:30:00,Brasil,SERGIPE,NOSSA SENHORA DAS DORES,Mata Atlântica,2024
1738322376,355d83fa-1f5e-3edc-85c7-0ee85cfd9a1d,-10.34329,-36.79329,2024-12-24 16:30:00,Brasil,SERGIPE,JAPOATÃ,Mata Atlântica,2024
1738322379,0b75cd39-e8b4-31fa-8f14-abfc94b35cb0,-10.3791,-37.30338,2024-12-24 16:30:00,Brasil,SERGIPE,NOSSA SENHORA DAS DORES,Mata Atlântica,2024
1738443637,2ad5c3e0-8e90-3974-bdde-87f584e74af0,-11.27913,-37.94965,2024-12-25 17:09:00,Brasil,SERGIPE,TOBIAS BARRETO,Caatinga,2024
1738443927,45f58b32-cb2d-3fe6-a351-2e4b6f28501d,-11.27011,-37.95105,2024-12-25 17:09:00,Brasil,SERGIPE,TOBIAS BARRETO,Caatinga,2024
1738729931,4017593d-a0c8-3df0-9c8d-a09b47a2c350,-10.81317,-37.43737,2024-12-27 16:49:00,Brasil,SERGIPE,ITABAIANA,Mata Atlântica,2024
1738729985,c24c9e88-20e8-367d-89dc-2e83dc151df2,-10.91085,-37.99805,2024-12-27 16:49:00,Brasil,SERGIPE,TOBIAS BARRETO,Caatinga,2024
1738730001,0c579b59-1015-3acd-a563-38d6d785c6f7,-10.57259,-36.82389,2024-12-27 16:49:00,Brasil,SERGIPE,JAPARATUBA,Mata Atlântica,2024
1738730010,be80ffe8-2ac1-39fd-9d2a-9e41894fd64b,-10.3223,-36.62572,2024-12-27 16:49:00,Brasil,SERGIPE,NEÓPOLIS,Mata Atlântica,2024
1738730024,9442eee1-5743-34be-9a42-342b84359777,-10.90068,-37.99939,2024-12-27 16:49:00,Brasil,SERGIPE,TOBIAS BARRETO,Caatinga,2024
1738730039,b4fe6fc3-2355-337c-9e4f-a9b8656c5e7a,-10.91379,-37.87044,2024-12-27 16:49:00,Brasil,SERGIPE,LAGARTO,Caatinga,2024
1738730096,cdf7469d-1e87-3c57-b337-25d46cb79bd5,-10.91221,-37.85854,2024-12-27 16:49:00,Brasil,SERGIPE,LAGARTO,Caatinga,2024
1738730101,55bb5bdd-8c4d-387b-b38f-be12cbc1829f,-10.90053,-37.09253,2024-12-27 16:49:00,Brasil,SERGIPE,ARACAJU,Mata Atlântica,2024
1738730123,150e3d81-038f-3967-81a9-b452521f00f9,-10.90588,-37.96202,2024-12-27 16:49:00,Brasil,SERGIPE,RIACHÃO DO DANTAS,Caatinga,2024
1738730126,fd3eac26-2ec6-3d57-855b-31abdbe4610b,-10.89909,-37.08189,2024-12-27 16:49:00,Brasil,SERGIPE,ARACAJU,Mata Atlântica,2024
1738730176,47d8c41a-74fd-3b8c-b7ea-df7c83e9fcc6,-10.52219,-36.73792,2024-12-27 16:49:00,Brasil,SERGIPE,JAPOATÃ,Mata Atlântica,2024
1738730243,99886d3c-786f-313b-a0eb-d596270b4733,-9.9407,-37.46994,2024-12-27 16:49:00,Brasil,SERGIPE,PORTO DA FOLHA,Caatinga,2024
1739096754,23e49831-a6ba-3f7d-9d6f-a2f530cb2167,-10.2826,-36.66393,2024-12-29 16:32:00,Brasil,SERGIPE,SANTANA DO SÃO FRANCISCO,Mata Atlântica,2024
1739096780,5b7ee7e9-c25f-369b-86c5-a4dee2e69fda,-10.28541,-36.68573,2024-12-29 16:32:00,Brasil,SERGIPE,NEÓPOLIS,Mata Atlântica,2024
1739312935,6c54b705-ab09-3fd5-8146-7f32e66e3db6,-10.98322,-37.80064,2024-12-30 17:11:00,Brasil,SERGIPE,LAGARTO,Caatinga,2024
1739312968,cc087f64-2fcf-35d2-9ed4-221892858508,-11.18338,-37.24097,2024-12-30 17:09:00,Brasil,SERGIPE,ITAPORANGA D'AJUDA,Mata Atlântica,2024
1739313010,c175935b-9688-371f-8c3d-1d4058919163,-11.368,-37.36491,2024-12-30 17:09:00,Brasil,SERGIPE,ESTÂNCIA,Mata Atlântica,2024
1739313049,9a8f6b33-21f1-3513-bd70-2be44eb5f56d,-10.35855,-36.7487,2024-12-30 17:11:00,Brasil,SERGIPE,JAPOATÃ,Mata Atlântica,2024
1739313061,60cdc247-5789-330e-9d3f-613f355a9db9,-10.99608,-37.94674,2024-12-30 17:11:00,Brasil,SERGIPE,TOBIAS BARRETO,Caatinga,2024
1739313092,b335efea-f05a-3286-a58b-6ffe7d5b94b7,-10.56327,-37.76873,2024-12-30 17:11:00,Brasil,SERGIPE,PINHÃO,Caatinga,2024
1739313094,b93b9f5d-7f1a-3a02-8756-2660553a2b47,-10.99754,-37.95634,2024-12-30 17:11:00,Brasil,SERGIPE,TOBIAS BARRETO,Caatinga,2024
1739313098,a4a895c4-637b-3711-b733-6af3ff1dd5db,-10.56474,-37.77855,2024-12-30 17:11:00,Brasil,SERGIPE,PINHÃO,Caatinga,2024
1739313272,55c9cd51-730f-3de1-a0ff-c565afdf56e3,-10.30572,-36.73986,2024-12-30 17:11:00,Brasil,SERGIPE,NEÓPOLIS,Mata Atlântica,2024
1739313282,a29785d8-e322-3029-9f13-224722058ae5,-10.98175,-37.79101,2024-12-30 17:11:00,Brasil,SERGIPE,LAGARTO,Caatinga,2024
1739313297,02b35158-8637-3d42-9df9-121d975f1591,-11.40529,-37.77818,2024-12-30 17:09:00,Brasil,SERGIPE,TOMAR DO GERU,Mata Atlântica,2024
